{
  "id": "_hakit_date_and_time",
  "name": "_hakit_date_and_time",
  "metaData": {
    "name": "_hakit_date_and_time",
    "type": "app",
    "buildInfo": {
      "buildVersion": "0.0.0",
      "buildName": "@hakit/date-and-time"
    },
    "remoteEntry": {
      "name": "static/js/_hakit_date_and_time.e8b3a8ec.js",
      "path": "",
      "type": "var"
    },
    "types": {
      "path": "",
      "name": "",
      "zip": "",
      "api": ""
    },
    "globalName": "_hakit_date_and_time",
    "pluginVersion": "0.7.7",
    "publicPath": "{{{_HAKIT_ASSET_PREFIX_}}}/"
  },
  "shared": [
    {
      "singleton": true,
      "requiredVersion": "^*",
      "shareScope": "default",
      "eager": false,
      "import": false,
      "name": "react",
      "version": "*",
      "id": "_hakit_date_and_time:react",
      "assets": {
        "js": {
          "async": [],
          "sync": []
        },
        "css": {
          "async": [],
          "sync": []
        }
      },
      "usedIn": [
        "./DigitalClock",
        "./AnalogClock"
      ]
    },
    {
      "singleton": true,
      "requiredVersion": "^*",
      "shareScope": "default",
      "eager": false,
      "import": false,
      "name": "@hakit/core",
      "version": "*",
      "id": "_hakit_date_and_time:@hakit/core",
      "assets": {
        "js": {
          "async": [],
          "sync": []
        },
        "css": {
          "async": [],
          "sync": []
        }
      },
      "usedIn": [
        "./AnalogClock",
        "./DigitalClock"
      ]
    },
    {
      "singleton": true,
      "requiredVersion": "^*",
      "shareScope": "default",
      "eager": false,
      "import": false,
      "name": "@emotion/react",
      "version": "*",
      "id": "_hakit_date_and_time:@emotion/react",
      "assets": {
        "js": {
          "async": [],
          "sync": []
        },
        "css": {
          "async": [],
          "sync": []
        }
      },
      "usedIn": [
        "./AnalogClock",
        "./DigitalClock"
      ]
    }
  ],
  "remotes": [],
  "exposes": [
    {
      "path": "./DigitalClock",
      "id": "_hakit_date_and_time:DigitalClock",
      "name": "DigitalClock",
      "requires": [
        "react",
        "@hakit/core",
        "@emotion/react"
      ],
      "file": "src/components/DigitalClock/index.tsx",
      "assets": {
        "js": {
          "sync": [
            "static/js/vendor.104fb47e.js",
            "static/js/async/__federation_expose_DigitalClock.988b0a66.js"
          ],
          "async": []
        },
        "css": {
          "sync": [],
          "async": []
        }
      }
    },
    {
      "path": "./AnalogClock",
      "id": "_hakit_date_and_time:AnalogClock",
      "name": "AnalogClock",
      "requires": [
        "react",
        "@hakit/core",
        "@emotion/react"
      ],
      "file": "src/components/AnalogClock/index.tsx",
      "assets": {
        "js": {
          "sync": [
            "static/js/vendor.104fb47e.js",
            "static/js/async/__federation_expose_AnalogClock.5a06fee3.js"
          ],
          "async": []
        },
        "css": {
          "sync": [],
          "async": []
        }
      }
    }
  ]
}