{
  "id": "_hakit_date_and_time",
  "name": "_hakit_date_and_time",
  "metaData": {
    "name": "_hakit_date_and_time",
    "type": "app",
    "buildInfo": {
      "buildVersion": "0.0.2",
      "buildName": "@hakit/date-and-time"
    },
    "remoteEntry": {
      "name": "static/js/_hakit_date_and_time.fa2b87fa.js",
      "path": "",
      "type": "var"
    },
    "types": {
      "path": "",
      "name": "",
      "zip": "",
      "api": ""
    },
    "globalName": "_hakit_date_and_time",
    "pluginVersion": "0.21.2",
    "prefetchInterface": false,
    "publicPath": "{{{_HAKIT_ASSET_PREFIX_}}}/"
  },
  "shared": [
    {
      "singleton": true,
      "requiredVersion": "^*",
      "shareScope": "default",
      "eager": false,
      "import": false,
      "name": "react",
      "version": "*",
      "id": "_hakit_date_and_time:react",
      "assets": {
        "js": {
          "async": [],
          "sync": []
        },
        "css": {
          "async": [],
          "sync": []
        }
      },
      "usedIn": [
        "./AnalogClock",
        "./Date",
        "./DigitalClock"
      ]
    },
    {
      "singleton": true,
      "requiredVersion": "^*",
      "shareScope": "default",
      "eager": false,
      "import": false,
      "name": "@hakit/core",
      "version": "*",
      "id": "_hakit_date_and_time:@hakit/core",
      "assets": {
        "js": {
          "async": [],
          "sync": []
        },
        "css": {
          "async": [],
          "sync": []
        }
      },
      "usedIn": [
        "./AnalogClock",
        "./Date",
        "./DigitalClock"
      ]
    },
    {
      "singleton": true,
      "requiredVersion": "^*",
      "shareScope": "default",
      "eager": false,
      "import": false,
      "name": "@emotion/react",
      "version": "*",
      "id": "_hakit_date_and_time:@emotion/react",
      "assets": {
        "js": {
          "async": [],
          "sync": []
        },
        "css": {
          "async": [],
          "sync": []
        }
      },
      "usedIn": [
        "./AnalogClock",
        "./Date",
        "./DigitalClock"
      ]
    },
    {
      "singleton": true,
      "requiredVersion": "^*",
      "shareScope": "default",
      "eager": false,
      "import": false,
      "name": "lucide-react",
      "version": "*",
      "id": "_hakit_date_and_time:lucide-react",
      "assets": {
        "js": {
          "async": [],
          "sync": []
        },
        "css": {
          "async": [],
          "sync": []
        }
      },
      "usedIn": []
    },
    {
      "singleton": true,
      "requiredVersion": "^*",
      "shareScope": "default",
      "eager": false,
      "import": false,
      "name": "react-dom",
      "version": "*",
      "id": "_hakit_date_and_time:react-dom",
      "assets": {
        "js": {
          "async": [],
          "sync": []
        },
        "css": {
          "async": [],
          "sync": []
        }
      },
      "usedIn": []
    },
    {
      "singleton": true,
      "requiredVersion": "^*",
      "shareScope": "default",
      "eager": false,
      "import": false,
      "name": "@hakit/components",
      "version": "*",
      "id": "_hakit_date_and_time:@hakit/components",
      "assets": {
        "js": {
          "async": [],
          "sync": []
        },
        "css": {
          "async": [],
          "sync": []
        }
      },
      "usedIn": []
    }
  ],
  "remotes": [],
  "exposes": [
    {
      "path": "./DigitalClock",
      "id": "_hakit_date_and_time:DigitalClock",
      "name": "DigitalClock",
      "requires": [
        "react",
        "@hakit/core",
        "@emotion/react"
      ],
      "file": "src/components/DigitalClock/index.tsx",
      "assets": {
        "js": {
          "sync": [
            "static/js/vendor~0.2e22388b.js",
            "static/js/vendor~6cba35bd.c9df48c6.js",
            "static/js/async/__federation_expose_DigitalClock.ac2a64a9.js"
          ],
          "async": []
        },
        "css": {
          "sync": [],
          "async": []
        }
      }
    },
    {
      "path": "./AnalogClock",
      "id": "_hakit_date_and_time:AnalogClock",
      "name": "AnalogClock",
      "requires": [
        "react",
        "@hakit/core",
        "@emotion/react"
      ],
      "file": "src/components/AnalogClock/index.tsx",
      "assets": {
        "js": {
          "sync": [
            "static/js/vendor~0.2e22388b.js",
            "static/js/vendor~6cba35bd.c9df48c6.js",
            "static/js/async/__federation_expose_AnalogClock.84d01ace.js"
          ],
          "async": []
        },
        "css": {
          "sync": [],
          "async": []
        }
      }
    },
    {
      "path": "./Date",
      "id": "_hakit_date_and_time:Date",
      "name": "Date",
      "requires": [
        "react",
        "@hakit/core",
        "@emotion/react"
      ],
      "file": "src/components/Date/index.tsx",
      "assets": {
        "js": {
          "sync": [
            "static/js/vendor~0.2e22388b.js",
            "static/js/vendor~6cba35bd.c9df48c6.js",
            "static/js/async/__federation_expose_Date.0a9907ef.js"
          ],
          "async": []
        },
        "css": {
          "sync": [],
          "async": []
        }
      }
    }
  ]
}